{
"作者": "7080",
"站名": "593影视",
"主页url": "https://539539.xyz",
"请求头": "",
"热门推荐": "1",
"起始页": "1",
"直接播放": "0",
"倒序播放": "0",
/**
*第一页与其他页不一样的直接用英文中括号加在分类url末尾
*/
"分类url": "https://539539.xyz/vodtype/{cateId}/page/{catePg}.html",
/**
*分类内置数字和拼音的四在类型，可用键$值的方式直接填写在分类中，用#分隔，例
"分类": "电影$1#电视剧$2#综艺$3#动漫$4",

"二次截取": "",
"数组": "stui-vodlist__box&&</li>",
"图片": "data-original=\"&&\"",
"标题": "title=\"&&\"",
"副标题": "pic-text text-right\"><b>&&</b>",
"链接": "href=\"&&\"",
"链接前缀": "",

"线路二次截取": "",
"线路数组": "iconfont icon-iconfontplay2\"></i&&/h3>",
"线路标题": ">&&<",

"状态":"更新：&&</p>",
"导演": "导演：&&</p>",
"主演": "主演：&&</p>",
"简介": "简介：&&</p>",

"播放二次截取": "",
"播放数组": "stui-content__playlist&&</ul>",
"列表二次截取": "",
"播放列表": "<a&&/a>",
"播放标题": ">&&<",
"播放链接": "href=\"&&\"",
"播放链接前缀": "",
"免嗅": "0",
"嗅探词":"m3u8?#.m3u8#mp4#.flv#.mp3#.m4a",
"过滤词":".css#51.la#cnzz.com#baidu.com",
"播放请求头": "",
/**
*搜索可包含页码，会把搜索到的全部内容展示出来
*一般用模式1：截取模式，json模式很多网站不支持
*/
"搜索url": "https://539539.xyz/vodsearch/wd/{wd}/page/{pg}.html",
"搜索模式": "1",
"搜索二次截取": "",
"搜索数组": "stui-vodlist__box&&</li>",
"搜索图片": "data-original=\"&&\"",
"搜索标题": "title=\"&&\"",
"搜索链接": "href=\"&&\"",
"搜索链接前缀": "",

}